job_title,company_name,location,time_posted,experience_level,job_type
Junior Software Engineer (Back End),Ometria,Portugal,2024-05-23,Júnior,Tempo integral
Frontend Engineer Trainee,Sword Health,"Porto, Porto, Portugal",2024-06-14,N/A,N/A
Junior Software Developer,Syffer,"Lisboa, Lisboa, Portugal",2024-04-30,N/A,N/A
Front-End Developer,Barkyn,"Porto, Porto, Portugal",2024-05-29,Não aplicável,Tempo integral
Fullstack Developer (Junior),CGI,Lisboa e Região,2024-06-04,Assistente,Tempo integral
Full-Stack Developer,WE ARE META,"Lisboa, Lisboa, Portugal",2024-06-08,N/A,N/A
Junior Front-End Developer,powertalent,"Lisboa, Lisboa, Portugal",2024-05-14,Júnior,Tempo integral
Junior .Net Developer,InnoWave,"Lisboa, Lisboa, Portugal",2024-06-04,Assistente,Tempo integral
C++ Developer,MindPal,"Castro Daire, Viseu, Portugal",2023-08-29,Assistente,Tempo integral
NodeJS Software Engineer - Jumia (Full Time),Jumia Group,"Porto, Porto, Portugal",2024-06-04,Assistente,Tempo integral
Full Stack Developer,Shift4,"Lisboa, Lisboa, Portugal",2024-02-13,Assistente,Tempo integral
Frontend Developer (M/F) Lisboa,Sysmatch,"Lisboa, Lisboa, Portugal",2024-06-02,N/A,N/A
React Developer,Irium Portugal,"Lisboa, Lisboa, Portugal",2024-05-10,Pleno-sênior,Tempo integral
Frontend Developer - Portugal,GuestCentric,"Algés, Lisboa, Portugal",2024-05-21,Não aplicável,Tempo integral
Frontend Developer (M/F) Lisboa,Sysmatch,"Lisboa, Lisboa, Portugal",2024-06-02,Assistente,Tempo integral
Frontend Developer,WE ARE META,"Lisboa, Lisboa, Portugal",2024-06-05,Pleno-sênior,Tempo integral
ENGENHEIRO DE DADOS Santo André - SP e Híbrido Efetivo,CVC CORP,"Santo André, Setúbal, Portugal",2024-06-12,Assistente,Tempo integral
Junior Frontend Engineer,Uphold,"Porto, Braga, Portugal",2024-05-22,Assistente,Tempo integral
React Frontend Developer,Erakulis,Portugal,2024-05-10,Assistente,Tempo integral
React developer,Shore,"Aveiro, Aveiro, Portugal",2024-06-07,Assistente,Tempo integral
Fullstack Developer (C#),alongside,"Porto, Porto, Portugal",2024-06-06,N/A,N/A
Junior Full-Stack,alongside,"Porto, Porto, Portugal",2024-05-22,Não aplicável,Tempo integral
Frontend Developer (M/F) Lisboa,Sysmatch,"Lisboa, Lisboa, Portugal",2024-06-03,Assistente,Tempo integral
Junior to Mid FullStack .Net Developer (m/f/d),Siemens,"Porto, Porto, Portugal",2024-06-08,N/A,N/A
Javascript Developer,agap2,"Lisboa, Lisboa, Portugal",2024-05-27,Assistente,Tempo integral
Fullstack Developer - NodeJS and ReactJS,Theros Digital,"Lisboa, Lisboa, Portugal",2024-01-15,Pleno-sênior,Tempo integral
Full Stack Engineer,"Unreal Staffing, Inc","Lisboa, Lisboa, Portugal",2024-05-01,Pleno-sênior,Tempo integral
Front End React Developer,VML,"Lisboa, Lisboa, Portugal",2024-05-23,Assistente,Tempo integral
Full Stack Developer,WE ARE META,"Lisboa, Lisboa, Portugal",2024-05-22,Pleno-sênior,Tempo integral
Junior .Net Developer,Securibox,"Lisboa, Lisboa, Portugal",2024-04-03,N/A,N/A
Front End React Developer,VML,"Porto, Porto, Portugal",2024-05-23,Assistente,Tempo integral
Engineer (Full-Stack),"Unreal Staffing, Inc","Lisboa, Lisboa, Portugal",2024-05-01,Pleno-sênior,Tempo integral
Junior Fullstack Java Developer (Relocation to Munich),Zero to One Search | Recruitment Agency,"Lisboa, Lisboa, Portugal",2024-05-31,N/A,N/A
Django / ReactJS Developer (Remote),GuestReady,"Porto, Porto, Portugal",2024-04-11,Assistente,Tempo integral
Junior .NET Backend Developer (m/f),Neotalent Conclusion,"Lisboa, Lisboa, Portugal",2024-06-04,Assistente,Tempo integral
Full Stack Developer,Atlean World,"Lisboa, Lisboa, Portugal",2024-03-15,N/A,N/A
.Net Developer - Lisboa (m/f),Noesis,"Lisboa, Lisboa, Portugal",2023-04-04,Assistente,Tempo integral
Oferta de emprego: Javascript Developer Porto,KCS iT,"Porto, Porto, Portugal",2023-03-31,Assistente,Tempo integral
Fullstack Javascript/Python Developer,BRIDGE IN,"Lisboa, Lisboa, Portugal",2024-06-01,N/A,N/A
Anúncio de emprego: Frontend developer | Braga,Wondercom,"Braga, Braga, Portugal",2023-05-25,Assistente,Tempo integral
FullStack Software Engineer,BytePitch - Software Labs,Portugal,2024-02-26,Pleno-sênior,Tempo integral
Full Stack Engineer,"Unreal Staffing, Inc","Lisboa, Lisboa, Portugal",2024-05-01,N/A,N/A
